EpochNb,TrainingError,ValidationError
0,0.2512330972561778,0.25123309725617776
4,0.21096824458574234,0.21096824458574234
8,0.20254405734837916,0.2025440573483792
