{
  "InterestRates": [
    0.0452,
    0.175,
    0.0581
  ],
  "Volatilities_X": [
    0,
    0.00914,
    0.00797
  ],
  "Volatilities_Assets": [
    0.01670,
    0.02247,
    0.01668
  ],
  "Correlations": [
    [ 1.00000,0.43903,0.50831,0.18156,0.14655],
    [ 0.43903,1.00000,0.57716,0.40359,0.27516],
    [ 0.50831,0.57716,1.00000,0.35855,0.21807],
    [ 0.18156,0.40359,0.35855,1.00000,0.85744],
    [ 0.14655,0.27516,0.21807,0.85744,1.00000]
  ],
  "constatationDates": [0, 259, 519, 780, 1042, 1304],
  "maturity": 1304
}